<?xml version="1.0" encoding="utf-8"?><soap:Envelope xmlns:soap="http://www.w3.org/2003/05/soap-envelope" xmlns:xsi="http://www.w3.org/2001/XMLSchema-instance" xmlns:xsd="http://www.w3.org/2001/XMLSchema"><soap:Body><nfeResultMsg xmlns="http://www.portalfiscal.inf.br/nfe/wsdl/NFeAutorizacao4"><retEnviNFe versao="4.00" xmlns="http://www.portalfiscal.inf.br/nfe"><tpAmb>1</tpAmb><verAplic>SP_NFE_PL009_V4</verAplic><cStat>103</cStat><xMotivo>Lote recebido com sucesso</xMotivo><cUF>35</cUF><dhRecbto>2023-04-13T10:56:57-03:00</dhRecbto><infRec><nRec>351011121263373</nRec><tMed>1</tMed></infRec></retEnviNFe></nfeResultMsg></soap:Body></soap:Envelope>